{
  "wa_settings": {
    "last_seen_privacy": "contacts",
    "profile_photo_privacy": "all",
    "about_privacy": "contacts",
    "status_privacy": [
      
    ],
    "blocked_numbers": [
      "+5521978946640",
      "+213697300667",
      "+5514981514414",
      "+244921998339"
    ],
    "blocked_numbers_update_time": 1709736772,
    "blocked_3p_users": [
      
    ],
    "read_receipts": "all",
    "is_dma_eligible": true,
    "opted_in_dma_integrators": [
      
    ],
    "settings_last_fetch_time": {
      "4": 1711965671,
      "0": 1711803636
    },
    "current_sync_session_id": "53lLz3Tvy9ju3+Bp9Yty/Q==",
    "current_sync_session_account_registration_time": 1710443792,
    "sync_sessions": [
      {
        "sync_session_id": "53lLz3Tvy9ju3+Bp9Yty/Q==",
        "account_registration_time": 1710443792,
        "state_collections": [
          "critical_block",
          "critical_unblock_low",
          "regular",
          "regular_high",
          "regular_low"
        ]
      }
    ],
    "device_sync_status": [
      {
        "device_id": 0
      },
      {
        "device_id": 4
      }
    ],
    "device_info": [
      {
        "device_id": 0,
        "app_version": "SMBA-2.24.6.77,Smb",
        "operating_system_version": "14",
        "device_manufacturer": "samsung",
        "device_model": "a33x"
      },
      {
        "device_id": 4,
        "app_version": "Web-2.3000.1012446354,Smb",
        "operating_system_version": "0.1",
        "device_manufacturer": "",
        "device_model": "Desktop"
      }
    ],
    "notification_settings": [
      
    ],
    "muted_groups": [
      
    ]
  }
}